Datetime,PM1.0,PM2.5,PM10.0
2023-07-28 08:00:00,16,22,23
2023-07-28 08:10:00,16,22,23
2023-07-28 08:20:00,16,22,23
2023-07-28 08:30:00,16,22,23
2023-07-28 08:40:00,16,22,23
2023-07-28 08:50:00,16,22,23
2023-07-28 09:00:00,13,19,20
2023-07-28 09:10:00,13,19,20
2023-07-28 09:20:00,13,19,20
2023-07-28 09:30:00,13,19,20
2023-07-28 09:40:00,13,19,20
2023-07-28 09:50:00,13,19,20
2023-07-28 10:00:00,14,20,20
2023-07-28 10:10:00,14,20,20
2023-07-28 10:20:00,14,20,20
2023-07-28 10:30:00,14,20,20
2023-07-28 10:40:00,14,20,20
2023-07-28 10:50:00,14,20,20
2023-07-28 11:00:00,13,19,21
2023-07-28 11:10:00,13,19,21
2023-07-28 11:20:00,13,19,21
2023-07-28 11:30:00,13,19,21
2023-07-28 11:40:00,13,19,21
2023-07-28 11:50:00,13,19,21
2023-07-28 12:00:00,14,21,21
2023-07-28 12:10:00,14,21,21
2023-07-28 12:20:00,14,21,21
2023-07-28 12:30:00,14,21,21
2023-07-28 12:40:00,14,21,21
2023-07-28 12:50:00,14,21,21
2023-07-28 13:00:00,13,19,20
2023-07-28 13:10:00,13,19,20
2023-07-28 13:20:00,13,19,20
2023-07-28 13:30:00,13,19,20
2023-07-28 13:40:00,13,19,20
2023-07-28 13:50:00,13,19,20
2023-07-28 14:00:00,9,13,13
2023-07-28 14:10:00,9,13,13
2023-07-28 14:20:00,9,13,13
2023-07-28 14:30:00,9,13,13
2023-07-28 14:40:00,9,13,13
2023-07-28 14:50:00,9,13,13
2023-07-28 15:00:00,9,13,14
2023-07-28 15:10:00,9,13,14
2023-07-28 15:20:00,9,13,14
2023-07-28 15:30:00,9,13,14
2023-07-28 15:40:00,9,13,14
2023-07-28 15:50:00,9,13,14
2023-07-28 16:00:00,11,16,16
2023-07-28 16:10:00,11,16,16
2023-07-28 16:20:00,11,16,16
2023-07-28 16:30:00,11,16,16
2023-07-28 16:40:00,11,16,16
2023-07-28 16:50:00,11,16,16
2023-07-28 17:00:00,10,13,13
2023-07-28 17:10:00,10,13,13
2023-07-28 17:20:00,10,13,13
2023-07-28 17:30:00,10,13,13
2023-07-28 17:40:00,10,13,13
2023-07-28 17:50:00,10,13,13
2023-07-28 18:00:00,11,15,16
2023-07-28 18:10:00,11,15,16
2023-07-28 18:20:00,11,15,16
2023-07-28 18:30:00,11,15,16
2023-07-28 18:40:00,11,15,16
2023-07-28 18:50:00,11,15,16
2023-07-28 19:00:00,8,10,10
2023-07-28 19:10:00,8,10,10
2023-07-28 19:20:00,8,10,10
2023-07-28 19:30:00,8,10,10
2023-07-28 19:40:00,8,10,10
2023-07-28 19:50:00,8,10,10
2023-07-28 20:00:00,8,11,11
2023-07-28 20:10:00,8,11,11
2023-07-28 20:20:00,8,11,11
2023-07-28 20:30:00,8,11,11
2023-07-28 20:40:00,8,11,11
2023-07-28 20:50:00,8,11,11
2023-07-28 21:00:00,8,10,10
2023-07-28 21:10:00,8,10,10
2023-07-28 21:20:00,8,10,10
2023-07-28 21:30:00,8,10,10
2023-07-28 21:40:00,8,10,10
2023-07-28 21:50:00,8,10,10
2023-07-28 22:00:00,7,10,10
2023-07-28 22:10:00,7,10,10
2023-07-28 22:20:00,7,10,10
2023-07-28 22:30:00,7,10,10
2023-07-28 22:40:00,7,10,10
2023-07-28 22:50:00,7,10,10
2023-07-28 23:00:00,8,12,12
2023-07-28 23:10:00,8,12,12
2023-07-28 23:20:00,8,12,12
2023-07-28 23:30:00,8,12,12
2023-07-28 23:40:00,8,12,12
2023-07-28 23:50:00,8,12,12
2023-07-29 00:00:00,8,12,12
2023-07-29 00:10:00,8,12,12
2023-07-29 00:20:00,8,12,12
2023-07-29 00:30:00,8,12,12
2023-07-29 00:40:00,8,12,12
2023-07-29 00:50:00,8,12,12
2023-07-29 01:00:00,8,11,12
2023-07-29 01:10:00,8,11,12
2023-07-29 01:20:00,8,11,12
2023-07-29 01:30:00,8,11,12
2023-07-29 01:40:00,8,11,12
2023-07-29 01:50:00,8,11,12
2023-07-29 02:00:00,8,12,12
2023-07-29 02:10:00,8,12,12
2023-07-29 02:20:00,8,12,12
2023-07-29 02:30:00,8,12,12
2023-07-29 02:40:00,8,12,12
2023-07-29 02:50:00,8,12,12
2023-07-29 03:00:00,8,12,12
2023-07-29 03:10:00,8,12,12
2023-07-29 03:20:00,8,12,12
2023-07-29 03:30:00,8,12,12
2023-07-29 03:40:00,8,12,12
2023-07-29 03:50:00,8,12,12
2023-07-29 04:00:00,11,12,12
2023-07-29 04:10:00,11,12,12
2023-07-29 04:20:00,11,12,12
2023-07-29 04:30:00,11,12,12
2023-07-29 04:40:00,11,12,12
2023-07-29 04:50:00,11,12,12
2023-07-29 05:00:00,8,11,12
2023-07-29 05:10:00,8,11,12
2023-07-29 05:20:00,8,11,12
2023-07-29 05:30:00,8,11,12
2023-07-29 05:40:00,8,11,12
2023-07-29 05:50:00,8,11,12
2023-07-29 06:00:00,11,16,17
2023-07-29 06:10:00,11,16,17
2023-07-29 06:20:00,11,16,17
2023-07-29 06:30:00,11,16,17
2023-07-29 06:40:00,11,16,17
2023-07-29 06:50:00,11,16,17
2023-07-29 07:00:00,11,16,17
2023-07-29 07:10:00,11,16,17
2023-07-29 07:20:00,11,16,17
2023-07-29 07:30:00,11,16,17
2023-07-29 07:40:00,11,16,17
2023-07-29 07:50:00,11,16,17
2023-07-29 08:00:00,12,17,18
2023-07-29 08:10:00,12,17,18
2023-07-29 08:20:00,12,17,18
2023-07-29 08:30:00,12,17,18
2023-07-29 08:40:00,12,17,18
2023-07-29 08:50:00,12,17,18
2023-07-29 09:00:00,9,14,14
2023-07-29 09:10:00,9,14,14
2023-07-29 09:20:00,9,14,14
2023-07-29 09:30:00,9,14,14
2023-07-29 09:40:00,9,14,14
2023-07-29 09:50:00,9,14,14
2023-07-29 10:00:00,10,15,15
2023-07-29 10:10:00,10,15,15
2023-07-29 10:20:00,10,15,15
2023-07-29 10:30:00,10,15,15
2023-07-29 10:40:00,10,15,15
2023-07-29 10:50:00,10,15,15
2023-07-29 11:00:00,10,15,15
2023-07-29 11:10:00,10,15,15
2023-07-29 11:20:00,10,15,15
2023-07-29 11:30:00,10,15,15
2023-07-29 11:40:00,10,15,15
2023-07-29 11:50:00,10,15,15
2023-07-29 12:00:00,10,13,14
2023-07-29 12:10:00,10,13,14
2023-07-29 12:20:00,10,13,14
2023-07-29 12:30:00,10,13,14
2023-07-29 12:40:00,10,13,14
2023-07-29 12:50:00,10,13,14
2023-07-29 13:00:00,14,20,21
2023-07-29 13:10:00,14,20,21
2023-07-29 13:20:00,14,20,21
2023-07-29 13:30:00,14,20,21
2023-07-29 13:40:00,14,20,21
2023-07-29 13:50:00,14,20,21
2023-07-29 14:00:00,12,17,18
2023-07-29 14:10:00,12,17,18
2023-07-29 14:20:00,12,17,18
2023-07-29 14:30:00,12,17,18
2023-07-29 14:40:00,12,17,18
2023-07-29 14:50:00,12,17,18
2023-07-29 15:00:00,10,15,17
2023-07-29 15:10:00,10,15,17
2023-07-29 15:20:00,10,15,17
2023-07-29 15:30:00,10,15,17
2023-07-29 15:40:00,10,15,17
2023-07-29 15:50:00,10,15,17
2023-07-29 16:00:00,9,13,14
2023-07-29 16:10:00,9,13,14
2023-07-29 16:20:00,9,13,14
2023-07-29 16:30:00,9,13,14
2023-07-29 16:40:00,9,13,14
2023-07-29 16:50:00,9,13,14
2023-07-29 17:00:00,9,12,12
2023-07-29 17:10:00,9,12,12
2023-07-29 17:20:00,9,12,12
2023-07-29 17:30:00,9,12,12
2023-07-29 17:40:00,9,12,12
2023-07-29 17:50:00,9,12,12
2023-07-29 18:00:00,8,12,12
2023-07-29 18:10:00,8,12,12
2023-07-29 18:20:00,8,12,12
2023-07-29 18:30:00,8,12,12
2023-07-29 18:40:00,8,12,12
2023-07-29 18:50:00,8,12,12
2023-07-29 19:00:00,13,19,20
2023-07-29 19:10:00,13,19,20
2023-07-29 19:20:00,13,19,20
2023-07-29 19:30:00,13,19,20
2023-07-29 19:40:00,13,19,20
2023-07-29 19:50:00,13,19,20
2023-07-29 20:00:00,6,7,7
2023-07-29 20:10:00,6,7,7
2023-07-29 20:20:00,6,7,7
2023-07-29 20:30:00,6,7,7
2023-07-29 20:40:00,6,7,7
2023-07-29 20:50:00,6,7,7
2023-07-29 21:00:00,38,7,7
2023-07-29 21:10:00,38,7,7
2023-07-29 21:20:00,38,7,7
2023-07-29 21:30:00,38,7,7
2023-07-29 21:40:00,38,7,7
2023-07-29 21:50:00,38,7,7
2023-07-29 22:00:00,35,55,59
2023-07-29 22:10:00,35,55,59
2023-07-29 22:20:00,35,55,59
2023-07-29 22:30:00,35,55,59
2023-07-29 22:40:00,35,55,59
2023-07-29 22:50:00,35,55,59
2023-07-29 23:00:00,24,39,42
2023-07-29 23:10:00,24,39,42
2023-07-29 23:20:00,24,39,42
2023-07-29 23:30:00,24,39,42
2023-07-29 23:40:00,24,39,42
2023-07-29 23:50:00,24,39,42
2023-07-30 00:00:00,21,35,36
2023-07-30 00:10:00,21,35,36
2023-07-30 00:20:00,21,35,36
2023-07-30 00:30:00,21,35,36
2023-07-30 00:40:00,21,35,36
2023-07-30 00:50:00,21,35,36
2023-07-30 01:00:00,21,7,7
2023-07-30 01:10:00,21,7,7
2023-07-30 01:20:00,21,7,7
2023-07-30 01:30:00,21,7,7
2023-07-30 01:40:00,21,7,7
2023-07-30 01:50:00,21,7,7
2023-07-30 02:00:00,5,7,7
2023-07-30 02:10:00,5,7,7
2023-07-30 02:20:00,5,7,7
2023-07-30 02:30:00,5,7,7
2023-07-30 02:40:00,5,7,7
2023-07-30 02:50:00,5,7,7
2023-07-30 03:00:00,18,29,31
2023-07-30 03:10:00,18,29,31
2023-07-30 03:20:00,18,29,31
2023-07-30 03:30:00,18,29,31
2023-07-30 03:40:00,18,29,31
2023-07-30 03:50:00,18,29,31
2023-07-30 04:00:00,26,42,40
2023-07-30 04:10:00,26,42,40
2023-07-30 04:20:00,26,42,40
2023-07-30 04:30:00,26,42,40
2023-07-30 04:40:00,26,42,40
2023-07-30 04:50:00,26,42,40
2023-07-30 05:00:00,38,74,79
2023-07-30 05:10:00,38,74,79
2023-07-30 05:20:00,38,74,79
2023-07-30 05:30:00,38,74,79
2023-07-30 05:40:00,38,74,79
2023-07-30 05:50:00,38,74,79
2023-07-30 06:00:00,33,49,57
2023-07-30 06:10:00,33,49,57
2023-07-30 06:20:00,33,49,57
2023-07-30 06:30:00,33,49,57
2023-07-30 06:40:00,33,49,57
2023-07-30 06:50:00,33,49,57
2023-07-30 07:00:00,56,97,102
2023-07-30 07:10:00,56,97,102
2023-07-30 07:20:00,56,97,102
2023-07-30 07:30:00,56,97,102
2023-07-30 07:40:00,56,97,102
2023-07-30 07:50:00,56,97,102
2023-07-30 08:00:00,42,69,83
2023-07-30 08:10:00,42,69,83
2023-07-30 08:20:00,42,69,83
2023-07-30 08:30:00,42,69,83
2023-07-30 08:40:00,42,69,83
2023-07-30 08:50:00,42,69,83
2023-07-30 09:00:00,9,13,13
2023-07-30 09:10:00,9,13,13
2023-07-30 09:20:00,9,13,13
2023-07-30 09:30:00,9,13,13
2023-07-30 09:40:00,9,13,13
2023-07-30 09:50:00,9,13,13
2023-07-30 10:00:00,10,13,14
2023-07-30 10:10:00,10,13,14
2023-07-30 10:20:00,10,13,14
2023-07-30 10:30:00,10,13,14
2023-07-30 10:40:00,10,13,14
2023-07-30 10:50:00,10,13,14
2023-07-30 11:00:00,5,7,7
2023-07-30 11:10:00,5,7,7
2023-07-30 11:20:00,5,7,7
2023-07-30 11:30:00,5,7,7
2023-07-30 11:40:00,5,7,7
2023-07-30 11:50:00,5,7,7
2023-07-30 12:00:00,6,9,9
2023-07-30 12:10:00,6,9,9
2023-07-30 12:20:00,6,9,9
2023-07-30 12:30:00,6,9,9
2023-07-30 12:40:00,6,9,9
2023-07-30 12:50:00,6,9,9
2023-07-30 13:00:00,6,9,10
2023-07-30 13:10:00,6,9,10
2023-07-30 13:20:00,6,9,10
2023-07-30 13:30:00,6,9,10
2023-07-30 13:40:00,6,9,10
2023-07-30 13:50:00,6,9,10
2023-07-30 14:00:00,7,9,9
2023-07-30 14:10:00,7,9,9
2023-07-30 14:20:00,7,9,9
2023-07-30 14:30:00,7,9,9
2023-07-30 14:40:00,7,9,9
2023-07-30 14:50:00,7,9,9
2023-07-30 15:00:00,6,9,9
2023-07-30 15:10:00,6,9,9
2023-07-30 15:20:00,6,9,9
2023-07-30 15:30:00,6,9,9
2023-07-30 15:40:00,6,9,9
2023-07-30 15:50:00,6,9,9
2023-07-30 16:00:00,6,8,8
2023-07-30 16:10:00,6,8,8
2023-07-30 16:20:00,6,8,8
2023-07-30 16:30:00,6,8,8
2023-07-30 16:40:00,6,8,8
2023-07-30 16:50:00,6,8,8
2023-07-30 17:00:00,8,11,11
2023-07-30 17:10:00,8,11,11
2023-07-30 17:20:00,8,11,11
2023-07-30 17:30:00,8,11,11
2023-07-30 17:40:00,8,11,11
2023-07-30 17:50:00,8,11,11
2023-07-30 18:00:00,10,13,13
2023-07-30 18:10:00,10,13,13
2023-07-30 18:20:00,10,13,13
2023-07-30 18:30:00,10,13,13
2023-07-30 18:40:00,10,13,13
2023-07-30 18:50:00,10,13,13
2023-07-30 19:00:00,9,13,13
2023-07-30 19:10:00,9,13,13
2023-07-30 19:20:00,9,13,13
2023-07-30 19:30:00,9,13,13
2023-07-30 19:40:00,9,13,13
2023-07-30 19:50:00,9,13,13
2023-07-30 20:00:00,8,11,11
2023-07-30 20:10:00,8,11,11
2023-07-30 20:20:00,8,11,11
2023-07-30 20:30:00,8,11,11
2023-07-30 20:40:00,8,11,11
2023-07-30 20:50:00,8,11,11
2023-07-30 21:00:00,7,10,11
2023-07-30 21:10:00,7,10,11
2023-07-30 21:20:00,7,10,11
2023-07-30 21:30:00,7,10,11
2023-07-30 21:40:00,7,10,11
2023-07-30 21:50:00,7,10,11
2023-07-30 22:00:00,7,10,11
2023-07-30 22:10:00,7,10,11
2023-07-30 22:20:00,7,10,11
2023-07-30 22:30:00,7,10,11
2023-07-30 22:40:00,7,10,11
2023-07-30 22:50:00,7,10,11
2023-07-30 23:00:00,8,11,11
2023-07-30 23:10:00,8,11,11
2023-07-30 23:20:00,8,11,11
2023-07-30 23:30:00,8,11,11
2023-07-30 23:40:00,8,11,11
2023-07-30 23:50:00,8,11,11
2023-07-31 00:00:00,8,11,11
2023-07-31 00:10:00,8,11,11
2023-07-31 00:20:00,8,11,11
2023-07-31 00:30:00,8,11,11
2023-07-31 00:40:00,8,11,11
2023-07-31 00:50:00,8,11,11
2023-07-31 01:00:00,8,11,11
2023-07-31 01:10:00,8,11,11
2023-07-31 01:20:00,8,11,11
2023-07-31 01:30:00,8,11,11
2023-07-31 01:40:00,8,11,11
2023-07-31 01:50:00,8,11,11
2023-07-31 02:00:00,8,11,11
2023-07-31 02:10:00,8,11,11
2023-07-31 02:20:00,8,11,11
2023-07-31 02:30:00,8,11,11
2023-07-31 02:40:00,8,11,11
2023-07-31 02:50:00,8,11,11
2023-07-31 03:00:00,8,11,11
2023-07-31 03:10:00,8,11,11
2023-07-31 03:20:00,8,11,11
2023-07-31 03:30:00,8,11,11
2023-07-31 03:40:00,8,11,11
2023-07-31 03:50:00,8,11,11
2023-07-31 04:00:00,8,11,11
2023-07-31 04:10:00,8,11,11
2023-07-31 04:20:00,8,11,11
2023-07-31 04:30:00,8,11,11
2023-07-31 04:40:00,8,11,11
2023-07-31 04:50:00,8,11,11
2023-07-31 05:00:00,9,12,12
2023-07-31 05:10:00,9,12,12
2023-07-31 05:20:00,9,12,12
2023-07-31 05:30:00,9,12,12
2023-07-31 05:40:00,9,12,12
2023-07-31 05:50:00,9,12,12
2023-07-31 06:00:00,10,16,13
2023-07-31 06:10:00,10,16,13
2023-07-31 06:20:00,10,16,13
2023-07-31 06:30:00,10,16,13
2023-07-31 06:40:00,10,16,13
2023-07-31 06:50:00,10,16,13
2023-07-31 07:00:00,18,24,26
2023-07-31 07:10:00,18,24,26
2023-07-31 07:20:00,18,24,26
2023-07-31 07:30:00,18,24,26
2023-07-31 07:40:00,18,24,26
2023-07-31 07:50:00,18,24,26
2023-07-31 08:00:00,14,22,27
2023-07-31 08:10:00,14,22,27
2023-07-31 08:20:00,14,22,27
2023-07-31 08:30:00,14,22,27
2023-07-31 08:40:00,14,22,27
2023-07-31 08:50:00,14,22,27
2023-07-31 09:00:00,11,17,17
2023-07-31 09:10:00,11,17,17
2023-07-31 09:20:00,11,17,17
2023-07-31 09:30:00,11,17,17
2023-07-31 09:40:00,11,17,17
2023-07-31 09:50:00,11,17,17
2023-07-31 10:00:00,11,15,16
2023-07-31 10:10:00,11,15,16
2023-07-31 10:20:00,11,15,16
2023-07-31 10:30:00,11,15,16
2023-07-31 10:40:00,11,15,16
2023-07-31 10:50:00,11,15,16
2023-07-31 11:00:00,8,12,12
2023-07-31 11:10:00,8,12,12
2023-07-31 11:20:00,8,12,12
2023-07-31 11:30:00,8,12,12
2023-07-31 11:40:00,8,12,12
2023-07-31 11:50:00,8,12,12
2023-07-31 12:00:00,8,11,11
2023-07-31 12:10:00,8,11,11
2023-07-31 12:20:00,8,11,11
2023-07-31 12:30:00,8,11,11
2023-07-31 12:40:00,8,11,11
2023-07-31 12:50:00,8,11,11
2023-07-31 13:00:00,8,11,12
2023-07-31 13:10:00,8,11,12
2023-07-31 13:20:00,8,11,12
2023-07-31 13:30:00,8,11,12
2023-07-31 13:40:00,8,11,12
2023-07-31 13:50:00,8,11,12
2023-07-31 14:00:00,9,13,13
2023-07-31 14:10:00,9,13,13
2023-07-31 14:20:00,9,13,13
2023-07-31 14:30:00,9,13,13
2023-07-31 14:40:00,9,13,13
2023-07-31 14:50:00,9,13,13
2023-07-31 15:00:00,9,13,13
2023-07-31 15:10:00,9,13,13
2023-07-31 15:20:00,9,13,13
2023-07-31 15:30:00,9,13,13
2023-07-31 15:40:00,9,13,13
2023-07-31 15:50:00,9,13,13
2023-07-31 16:00:00,9,13,14
2023-07-31 16:10:00,9,13,14
2023-07-31 16:20:00,9,13,14
2023-07-31 16:30:00,9,13,14
2023-07-31 16:40:00,9,13,14
2023-07-31 16:50:00,9,13,14
2023-07-31 17:00:00,11,16,17
2023-07-31 17:10:00,11,16,17
2023-07-31 17:20:00,11,16,17
2023-07-31 17:30:00,11,16,17
2023-07-31 17:40:00,11,16,17
2023-07-31 17:50:00,11,16,17
2023-07-31 18:00:00,19,31,31
2023-07-31 18:10:00,19,31,31
2023-07-31 18:20:00,19,31,31
2023-07-31 18:30:00,19,31,31
2023-07-31 18:40:00,19,31,31
2023-07-31 18:50:00,19,31,31
2023-07-31 19:00:00,23,44,37
2023-07-31 19:10:00,23,44,37
2023-07-31 19:20:00,23,44,37
2023-07-31 19:30:00,23,44,37
2023-07-31 19:40:00,23,44,37
2023-07-31 19:50:00,23,44,37
2023-07-31 20:00:00,35,52,55
2023-07-31 20:10:00,35,52,55
2023-07-31 20:20:00,35,52,55
2023-07-31 20:30:00,35,52,55
2023-07-31 20:40:00,35,52,55
2023-07-31 20:50:00,35,52,55
2023-07-31 21:00:00,23,34,36
2023-07-31 21:10:00,23,34,36
2023-07-31 21:20:00,23,34,36
2023-07-31 21:30:00,23,34,36
2023-07-31 21:40:00,23,34,36
2023-07-31 21:50:00,23,34,36
2023-07-31 22:00:00,19,27,28
2023-07-31 22:10:00,19,27,28
2023-07-31 22:20:00,19,27,28
2023-07-31 22:30:00,19,27,28
2023-07-31 22:40:00,19,27,28
2023-07-31 22:50:00,19,27,28
2023-07-31 23:00:00,16,22,25
2023-07-31 23:10:00,16,22,25
2023-07-31 23:20:00,16,22,25
2023-07-31 23:30:00,16,22,25
2023-07-31 23:40:00,16,22,25
2023-07-31 23:50:00,16,22,25
2023-08-01 00:00:00,23,35,36
2023-08-01 00:10:00,23,35,36
2023-08-01 00:20:00,23,35,36
2023-08-01 00:30:00,23,35,36
2023-08-01 00:40:00,23,35,36
2023-08-01 00:50:00,23,35,36
2023-08-01 01:00:00,15,22,23
2023-08-01 01:10:00,15,22,23
2023-08-01 01:20:00,15,22,23
2023-08-01 01:30:00,15,22,23
2023-08-01 01:40:00,15,22,23
2023-08-01 01:50:00,15,22,23
2023-08-01 02:00:00,14,20,21
2023-08-01 02:10:00,14,20,21
2023-08-01 02:20:00,14,20,21
2023-08-01 02:30:00,14,20,21
2023-08-01 02:40:00,14,20,21
2023-08-01 02:50:00,14,20,21
2023-08-01 03:00:00,13,19,19
2023-08-01 03:10:00,13,19,19
2023-08-01 03:20:00,13,19,19
2023-08-01 03:30:00,13,19,19
2023-08-01 03:40:00,13,19,19
2023-08-01 03:50:00,13,19,19
2023-08-01 04:00:00,18,26,26
2023-08-01 04:10:00,18,26,26
2023-08-01 04:20:00,18,26,26
2023-08-01 04:30:00,18,26,26
2023-08-01 04:40:00,18,26,26
2023-08-01 04:50:00,18,26,26
2023-08-01 05:00:00,16,23,23
2023-08-01 05:10:00,16,23,23
2023-08-01 05:20:00,16,23,23
2023-08-01 05:30:00,16,23,23
2023-08-01 05:40:00,16,23,23
2023-08-01 05:50:00,16,23,23
2023-08-01 06:00:00,15,21,21
2023-08-01 06:10:00,15,21,21
2023-08-01 06:20:00,15,21,21
2023-08-01 06:30:00,15,21,21
2023-08-01 06:40:00,15,21,21
2023-08-01 06:50:00,15,21,21
2023-08-01 07:00:00,19,28,28
2023-08-01 07:10:00,19,28,28
2023-08-01 07:20:00,19,28,28
2023-08-01 07:30:00,19,28,28
2023-08-01 07:40:00,19,28,28
2023-08-01 07:50:00,19,28,28
2023-08-01 08:00:00,22,32,34
2023-08-01 08:10:00,22,32,34
2023-08-01 08:20:00,22,32,34
2023-08-01 08:30:00,22,32,34
2023-08-01 08:40:00,22,32,34
2023-08-01 08:50:00,22,32,34
2023-08-01 09:00:00,12,18,21
2023-08-01 09:10:00,12,18,21
2023-08-01 09:20:00,12,18,21
2023-08-01 09:30:00,12,18,21
2023-08-01 09:40:00,12,18,21
2023-08-01 09:50:00,12,18,21
2023-08-01 10:00:00,11,16,17
2023-08-01 10:10:00,11,16,17
2023-08-01 10:20:00,11,16,17
2023-08-01 10:30:00,11,16,17
2023-08-01 10:40:00,11,16,17
2023-08-01 10:50:00,11,16,17
2023-08-01 11:00:00,11,15,15
2023-08-01 11:10:00,11,15,15
2023-08-01 11:20:00,11,15,15
2023-08-01 11:30:00,11,15,15
2023-08-01 11:40:00,11,15,15
2023-08-01 11:50:00,11,15,15
2023-08-01 12:00:00,14,19,19
2023-08-01 12:10:00,14,19,19
2023-08-01 12:20:00,14,19,19
2023-08-01 12:30:00,14,19,19
2023-08-01 12:40:00,14,19,19
2023-08-01 12:50:00,14,19,19
2023-08-01 13:00:00,14,20,20
2023-08-01 13:10:00,14,20,20
2023-08-01 13:20:00,14,20,20
2023-08-01 13:30:00,14,20,20
2023-08-01 13:40:00,14,20,20
2023-08-01 13:50:00,14,20,20
2023-08-01 14:00:00,13,18,18
2023-08-01 14:10:00,13,18,18
2023-08-01 14:20:00,13,18,18
2023-08-01 14:30:00,13,18,18
2023-08-01 14:40:00,13,18,18
2023-08-01 14:50:00,13,18,18
2023-08-01 15:00:00,12,17,16
2023-08-01 15:10:00,12,17,16
2023-08-01 15:20:00,12,17,16
2023-08-01 15:30:00,12,17,16
2023-08-01 15:40:00,12,17,16
2023-08-01 15:50:00,12,17,16
2023-08-01 16:00:00,12,17,17
2023-08-01 16:10:00,12,17,17
2023-08-01 16:20:00,12,17,17
2023-08-01 16:30:00,12,17,17
2023-08-01 16:40:00,12,17,17
2023-08-01 16:50:00,12,17,17
2023-08-01 17:00:00,11,16,17
2023-08-01 17:10:00,11,16,17
2023-08-01 17:20:00,11,16,17
2023-08-01 17:30:00,11,16,17
2023-08-01 17:40:00,11,16,17
2023-08-01 17:50:00,11,16,17
2023-08-01 18:00:00,12,15,16
2023-08-01 18:10:00,12,15,16
2023-08-01 18:20:00,12,15,16
2023-08-01 18:30:00,12,15,16
2023-08-01 18:40:00,12,15,16
2023-08-01 18:50:00,12,15,16
2023-08-01 19:00:00,12,19,20
2023-08-01 19:10:00,12,19,20
2023-08-01 19:20:00,12,19,20
2023-08-01 19:30:00,12,19,20
2023-08-01 19:40:00,12,19,20
2023-08-01 19:50:00,12,19,20
2023-08-01 20:00:00,51,81,83
2023-08-01 20:10:00,51,81,83
2023-08-01 20:20:00,51,81,83
2023-08-01 20:30:00,51,81,83
2023-08-01 20:40:00,51,81,83
2023-08-01 20:50:00,51,81,83
2023-08-01 21:00:00,10,14,14
2023-08-01 21:10:00,10,14,14
2023-08-01 21:20:00,10,14,14
2023-08-01 21:30:00,10,14,14
2023-08-01 21:40:00,10,14,14
2023-08-01 21:50:00,10,14,14
2023-08-01 22:00:00,21,32,35
2023-08-01 22:10:00,21,32,35
2023-08-01 22:20:00,21,32,35
2023-08-01 22:30:00,21,32,35
2023-08-01 22:40:00,21,32,35
2023-08-01 22:50:00,21,32,35
2023-08-01 23:00:00,9,12,12
2023-08-01 23:10:00,9,12,12
2023-08-01 23:20:00,9,12,12
2023-08-01 23:30:00,9,12,12
2023-08-01 23:40:00,9,12,12
2023-08-01 23:50:00,9,12,12
2023-08-02 00:00:00,12,17,8
2023-08-02 00:10:00,12,17,8
2023-08-02 00:20:00,12,17,8
2023-08-02 00:30:00,12,17,8
2023-08-02 00:40:00,12,17,8
2023-08-02 00:50:00,12,17,8
2023-08-02 01:00:00,12,17,18
2023-08-02 01:10:00,12,17,18
2023-08-02 01:20:00,12,17,18
2023-08-02 01:30:00,12,17,18
2023-08-02 01:40:00,12,17,18
2023-08-02 01:50:00,12,17,18
2023-08-02 02:00:00,13,18,18
2023-08-02 02:10:00,13,18,18
2023-08-02 02:20:00,13,18,18
2023-08-02 02:30:00,13,18,18
2023-08-02 02:40:00,13,18,18
2023-08-02 02:50:00,13,18,18
2023-08-02 03:00:00,7,16,16
2023-08-02 03:10:00,7,16,16
2023-08-02 03:20:00,7,16,16
2023-08-02 03:30:00,7,16,16
2023-08-02 03:40:00,7,16,16
2023-08-02 03:50:00,7,16,16
2023-08-02 04:00:00,11,16,17
2023-08-02 04:10:00,11,16,17
2023-08-02 04:20:00,11,16,17
2023-08-02 04:30:00,11,16,17
2023-08-02 04:40:00,11,16,17
2023-08-02 04:50:00,11,16,17
2023-08-02 05:00:00,7,11,11
2023-08-02 05:10:00,7,11,11
2023-08-02 05:20:00,7,11,11
2023-08-02 05:30:00,7,11,11
2023-08-02 05:40:00,7,11,11
2023-08-02 05:50:00,7,11,11
2023-08-02 06:00:00,18,23,25
2023-08-02 06:10:00,18,23,25
2023-08-02 06:20:00,18,23,25
2023-08-02 06:30:00,18,23,25
2023-08-02 06:40:00,18,23,25
2023-08-02 06:50:00,18,23,25
2023-08-02 07:00:00,18,25,25
2023-08-02 07:10:00,18,25,25
2023-08-02 07:20:00,18,25,25
2023-08-02 07:30:00,18,25,25
2023-08-02 07:40:00,18,25,25
2023-08-02 07:50:00,18,25,25
2023-08-02 08:00:00,16,25,26
2023-08-02 08:10:00,16,25,26
2023-08-02 08:20:00,16,25,26
2023-08-02 08:30:00,16,25,26
2023-08-02 08:40:00,16,25,26
2023-08-02 08:50:00,16,25,26
2023-08-02 09:00:00,13,20,22
2023-08-02 09:10:00,13,20,22
2023-08-02 09:20:00,13,20,22
2023-08-02 09:30:00,13,20,22
2023-08-02 09:40:00,13,20,22
2023-08-02 09:50:00,13,20,22
2023-08-02 10:00:00,8,12,10
2023-08-02 10:10:00,8,12,10
2023-08-02 10:20:00,8,12,10
2023-08-02 10:30:00,8,12,10
2023-08-02 10:40:00,8,12,10
2023-08-02 10:50:00,8,12,10
2023-08-02 11:00:00,26,41,41
2023-08-02 11:10:00,26,41,41
2023-08-02 11:20:00,26,41,41
2023-08-02 11:30:00,26,41,41
2023-08-02 11:40:00,26,41,41
2023-08-02 11:50:00,26,41,41
2023-08-02 12:00:00,6,9,9
2023-08-02 12:10:00,6,9,9
2023-08-02 12:20:00,6,9,9
2023-08-02 12:30:00,6,9,9
2023-08-02 12:40:00,6,9,9
2023-08-02 12:50:00,6,9,9
2023-08-02 13:00:00,13,18,19
2023-08-02 13:10:00,13,18,19
2023-08-02 13:20:00,13,18,19
2023-08-02 13:30:00,13,18,19
2023-08-02 13:40:00,13,18,19
2023-08-02 13:50:00,13,18,19
2023-08-02 14:00:00,13,18,19
2023-08-02 14:10:00,13,18,19
2023-08-02 14:20:00,13,18,19
2023-08-02 14:30:00,13,18,19
2023-08-02 14:40:00,13,18,19
2023-08-02 14:50:00,13,18,19
2023-08-02 15:00:00,16,23,24
2023-08-02 15:10:00,16,23,24
2023-08-02 15:20:00,16,23,24
2023-08-02 15:30:00,16,23,24
2023-08-02 15:40:00,16,23,24
2023-08-02 15:50:00,16,23,24
2023-08-02 16:00:00,15,22,22
2023-08-02 16:10:00,15,22,22
2023-08-02 16:20:00,15,22,22
2023-08-02 16:30:00,15,22,22
2023-08-02 16:40:00,15,22,22
2023-08-02 16:50:00,15,22,22
2023-08-02 17:00:00,15,21,21
2023-08-02 17:10:00,15,21,21
2023-08-02 17:20:00,15,21,21
2023-08-02 17:30:00,15,21,21
2023-08-02 17:40:00,15,21,21
2023-08-02 17:50:00,15,21,21
2023-08-02 18:00:00,20,29,30
2023-08-02 18:10:00,20,29,30
2023-08-02 18:20:00,20,29,30
2023-08-02 18:30:00,20,29,30
2023-08-02 18:40:00,20,29,30
2023-08-02 18:50:00,20,29,30
2023-08-02 19:00:00,23,33,35
2023-08-02 19:10:00,23,33,35
2023-08-02 19:20:00,23,33,35
2023-08-02 19:30:00,23,33,35
2023-08-02 19:40:00,23,33,35
2023-08-02 19:50:00,23,33,35
2023-08-02 20:00:00,35,55,55
2023-08-02 20:10:00,35,55,55
2023-08-02 20:20:00,35,55,55
2023-08-02 20:30:00,35,55,55
2023-08-02 20:40:00,35,55,55
2023-08-02 20:50:00,35,55,55
2023-08-02 21:00:00,65,100,101
2023-08-02 21:10:00,65,100,101
2023-08-02 21:20:00,65,100,101
2023-08-02 21:30:00,65,100,101
2023-08-02 21:40:00,65,100,101
2023-08-02 21:50:00,65,100,101
2023-08-02 22:00:00,47,70,71
2023-08-02 22:10:00,47,70,71
2023-08-02 22:20:00,47,70,71
2023-08-02 22:30:00,47,70,71
2023-08-02 22:40:00,47,70,71
2023-08-02 22:50:00,47,70,71
2023-08-02 23:00:00,23,33,35
2023-08-02 23:10:00,23,33,35
2023-08-02 23:20:00,23,33,35
2023-08-02 23:30:00,23,33,35
2023-08-02 23:40:00,23,33,35
2023-08-02 23:50:00,23,33,35
2023-08-03 00:00:00,16,22,24
2023-08-03 00:10:00,16,22,24
2023-08-03 00:20:00,16,22,24
2023-08-03 00:30:00,16,22,24
2023-08-03 00:40:00,16,22,24
2023-08-03 00:50:00,16,22,24
2023-08-03 01:00:00,13,18,19
2023-08-03 01:10:00,13,18,19
2023-08-03 01:20:00,13,18,19
2023-08-03 01:30:00,13,18,19
2023-08-03 01:40:00,13,18,19
2023-08-03 01:50:00,13,18,19
2023-08-03 02:00:00,9,13,15
2023-08-03 02:10:00,9,13,15
2023-08-03 02:20:00,9,13,15
2023-08-03 02:30:00,9,13,15
2023-08-03 02:40:00,9,13,15
2023-08-03 02:50:00,9,13,15
2023-08-03 03:00:00,9,12,13
2023-08-03 03:10:00,9,12,13
2023-08-03 03:20:00,9,12,13
2023-08-03 03:30:00,9,12,13
2023-08-03 03:40:00,9,12,13
2023-08-03 03:50:00,9,12,13
2023-08-03 04:00:00,9,12,13
2023-08-03 04:10:00,9,12,13
2023-08-03 04:20:00,9,12,13
2023-08-03 04:30:00,9,12,13
2023-08-03 04:40:00,9,12,13
2023-08-03 04:50:00,9,12,13
2023-08-03 05:00:00,10,13,14
2023-08-03 05:10:00,10,13,14
2023-08-03 05:20:00,10,13,14
2023-08-03 05:30:00,10,13,14
2023-08-03 05:40:00,10,13,14
2023-08-03 05:50:00,10,13,14
2023-08-03 06:00:00,12,15,16
2023-08-03 06:10:00,12,15,16
2023-08-03 06:20:00,12,15,16
2023-08-03 06:30:00,12,15,16
2023-08-03 06:40:00,12,15,16
2023-08-03 06:50:00,12,15,16
2023-08-03 07:00:00,15,21,23
2023-08-03 07:10:00,15,21,23
2023-08-03 07:20:00,15,21,23
2023-08-03 07:30:00,15,21,23
2023-08-03 07:40:00,15,21,23
2023-08-03 07:50:00,15,21,23
2023-08-03 08:00:00,14,20,21
2023-08-03 08:10:00,14,20,21
2023-08-03 08:20:00,14,20,21
2023-08-03 08:30:00,14,20,21
2023-08-03 08:40:00,14,20,21
2023-08-03 08:50:00,14,20,21
2023-08-03 09:00:00,12,18,19
2023-08-03 09:10:00,12,18,19
2023-08-03 09:20:00,12,18,19
2023-08-03 09:30:00,12,18,19
2023-08-03 09:40:00,12,18,19
2023-08-03 09:50:00,12,18,19
2023-08-03 10:00:00,13,19,19
2023-08-03 10:10:00,13,19,19
2023-08-03 10:20:00,13,19,19
2023-08-03 10:30:00,13,19,19
2023-08-03 10:40:00,13,19,19
2023-08-03 10:50:00,13,19,19
2023-08-03 11:00:00,14,20,21
2023-08-03 11:10:00,14,20,21
2023-08-03 11:20:00,14,20,21
2023-08-03 11:30:00,14,20,21
2023-08-03 11:40:00,14,20,21
2023-08-03 11:50:00,14,20,21
2023-08-03 12:00:00,15,22,23
2023-08-03 12:10:00,15,22,23
2023-08-03 12:20:00,15,22,23
2023-08-03 12:30:00,15,22,23
2023-08-03 12:40:00,15,22,23
2023-08-03 12:50:00,15,22,23
2023-08-03 13:00:00,15,22,23
2023-08-03 13:10:00,15,22,23
2023-08-03 13:20:00,15,22,23
2023-08-03 13:30:00,15,22,23
2023-08-03 13:40:00,15,22,23
2023-08-03 13:50:00,15,22,23
2023-08-03 14:00:00,18,24,25
2023-08-03 14:10:00,18,24,25
2023-08-03 14:20:00,18,24,25
2023-08-03 14:30:00,18,24,25
2023-08-03 14:40:00,18,24,25
2023-08-03 14:50:00,18,24,25
2023-08-03 15:00:00,19,27,28
2023-08-03 15:10:00,19,27,28
2023-08-03 15:20:00,19,27,28
2023-08-03 15:30:00,19,27,28
2023-08-03 15:40:00,19,27,28
2023-08-03 15:50:00,19,27,28
2023-08-03 16:00:00,19,28,29
2023-08-03 16:10:00,19,28,29
2023-08-03 16:20:00,19,28,29
2023-08-03 16:30:00,19,28,29
2023-08-03 16:40:00,19,28,29
2023-08-03 16:50:00,19,28,29
2023-08-03 17:00:00,17,24,25
2023-08-03 17:10:00,17,24,25
2023-08-03 17:20:00,17,24,25
2023-08-03 17:30:00,17,24,25
2023-08-03 17:40:00,17,24,25
2023-08-03 17:50:00,17,24,25
2023-08-03 18:00:00,19,26,27
2023-08-03 18:10:00,19,26,27
2023-08-03 18:20:00,19,26,27
2023-08-03 18:30:00,19,26,27
2023-08-03 18:40:00,19,26,27
2023-08-03 18:50:00,19,26,27
2023-08-03 19:00:00,20,28,29
2023-08-03 19:10:00,20,28,29
2023-08-03 19:20:00,20,28,29
2023-08-03 19:30:00,20,28,29
2023-08-03 19:40:00,20,28,29
2023-08-03 19:50:00,20,28,29
2023-08-03 20:00:00,14,20,19
2023-08-03 20:10:00,14,20,19
2023-08-03 20:20:00,14,20,19
2023-08-03 20:30:00,14,20,19
2023-08-03 20:40:00,14,20,19
2023-08-03 20:50:00,14,20,19
2023-08-03 21:00:00,13,18,18
2023-08-03 21:10:00,13,18,18
2023-08-03 21:20:00,13,18,18
2023-08-03 21:30:00,13,18,18
2023-08-03 21:40:00,13,18,18
2023-08-03 21:50:00,13,18,18
2023-08-03 22:00:00,11,16,17
2023-08-03 22:10:00,11,16,17
2023-08-03 22:20:00,11,16,17
2023-08-03 22:30:00,11,16,17
2023-08-03 22:40:00,11,16,17
2023-08-03 22:50:00,11,16,17
2023-08-03 23:00:00,11,15,15
2023-08-03 23:10:00,11,15,15
2023-08-03 23:20:00,11,15,15
2023-08-03 23:30:00,11,15,15
2023-08-03 23:40:00,11,15,15
2023-08-03 23:50:00,11,15,15
2023-08-04 00:00:00,10,15,15
2023-08-04 00:10:00,10,15,15
2023-08-04 00:20:00,10,15,15
2023-08-04 00:30:00,10,15,15
2023-08-04 00:40:00,10,15,15
2023-08-04 00:50:00,10,15,15
2023-08-04 01:00:00,10,14,15
2023-08-04 01:10:00,10,14,15
2023-08-04 01:20:00,10,14,15
2023-08-04 01:30:00,10,14,15
2023-08-04 01:40:00,10,14,15
2023-08-04 01:50:00,10,14,15
2023-08-04 02:00:00,10,14,14
2023-08-04 02:10:00,10,14,14
2023-08-04 02:20:00,10,14,14
2023-08-04 02:30:00,10,14,14
2023-08-04 02:40:00,10,14,14
2023-08-04 02:50:00,10,14,14
2023-08-04 03:00:00,9,13,13
2023-08-04 03:10:00,9,13,13
2023-08-04 03:20:00,9,13,13
2023-08-04 03:30:00,9,13,13
2023-08-04 03:40:00,9,13,13
2023-08-04 03:50:00,9,13,13
2023-08-04 04:00:00,10,13,13
2023-08-04 04:10:00,10,13,13
2023-08-04 04:20:00,10,13,13
2023-08-04 04:30:00,10,13,13
2023-08-04 04:40:00,10,13,13
2023-08-04 04:50:00,10,13,13
2023-08-04 05:00:00,9,13,13
2023-08-04 05:10:00,9,13,13
2023-08-04 05:20:00,9,13,13
2023-08-04 05:30:00,9,13,13
2023-08-04 05:40:00,9,13,13
2023-08-04 05:50:00,9,13,13
2023-08-04 06:00:00,11,15,15
2023-08-04 06:10:00,11,15,15
2023-08-04 06:20:00,11,15,15
2023-08-04 06:30:00,11,15,15
2023-08-04 06:40:00,11,15,15
2023-08-04 06:50:00,11,15,15
2023-08-04 07:00:00,16,21,22
2023-08-04 07:10:00,16,21,22
2023-08-04 07:20:00,16,21,22
2023-08-04 07:30:00,16,21,22
2023-08-04 07:40:00,16,21,22
2023-08-04 07:50:00,16,21,22
2023-08-04 08:00:00,16,22,23
2023-08-04 08:10:00,16,22,23
2023-08-04 08:20:00,16,22,23
2023-08-04 08:30:00,16,22,23
2023-08-04 08:40:00,16,22,23
2023-08-04 08:50:00,16,22,23
2023-08-04 09:00:00,13,19,20
2023-08-04 09:10:00,13,19,20
2023-08-04 09:20:00,13,19,20
2023-08-04 09:30:00,13,19,20
2023-08-04 09:40:00,13,19,20
2023-08-04 09:50:00,13,19,20
2023-08-04 10:00:00,14,20,20
2023-08-04 10:10:00,14,20,20
2023-08-04 10:20:00,14,20,20
2023-08-04 10:30:00,14,20,20
2023-08-04 10:40:00,14,20,20
2023-08-04 10:50:00,14,20,20
2023-08-04 11:00:00,13,19,21
2023-08-04 11:10:00,13,19,21
2023-08-04 11:20:00,13,19,21
2023-08-04 11:30:00,13,19,21
2023-08-04 11:40:00,13,19,21
2023-08-04 11:50:00,13,19,21
2023-08-04 12:00:00,14,21,21
2023-08-04 12:10:00,14,21,21
2023-08-04 12:20:00,14,21,21
2023-08-04 12:30:00,14,21,21
2023-08-04 12:40:00,14,21,21
2023-08-04 12:50:00,14,21,21
2023-08-04 13:00:00,13,19,20
2023-08-04 13:10:00,13,19,20
2023-08-04 13:20:00,13,19,20
2023-08-04 13:30:00,13,19,20
2023-08-04 13:40:00,13,19,20
2023-08-04 13:50:00,13,19,20
2023-08-04 14:00:00,9,13,13
2023-08-04 14:10:00,9,13,13
2023-08-04 14:20:00,9,13,13
2023-08-04 14:30:00,9,13,13
2023-08-04 14:40:00,9,13,13
2023-08-04 14:50:00,9,13,13
2023-08-04 15:00:00,9,13,14
2023-08-04 15:10:00,9,13,14
2023-08-04 15:20:00,9,13,14
2023-08-04 15:30:00,9,13,14
2023-08-04 15:40:00,9,13,14
2023-08-04 15:50:00,9,13,14
2023-08-04 16:00:00,11,16,16
2023-08-04 16:10:00,11,16,16
2023-08-04 16:20:00,11,16,16
2023-08-04 16:30:00,11,16,16
2023-08-04 16:40:00,11,16,16
2023-08-04 16:50:00,11,16,16
2023-08-04 17:00:00,10,13,13
2023-08-04 17:10:00,10,13,13
2023-08-04 17:20:00,10,13,13
2023-08-04 17:30:00,10,13,13
2023-08-04 17:40:00,10,13,13
2023-08-04 17:50:00,10,13,13
2023-08-04 18:00:00,11,15,16
2023-08-04 18:10:00,11,15,16
2023-08-04 18:20:00,11,15,16
2023-08-04 18:30:00,11,15,16
2023-08-04 18:40:00,11,15,16
2023-08-04 18:50:00,11,15,16
2023-08-04 19:00:00,8,10,10
2023-08-04 19:10:00,8,10,10
2023-08-04 19:20:00,8,10,10
2023-08-04 19:30:00,8,10,10
2023-08-04 19:40:00,8,10,10
2023-08-04 19:50:00,8,10,10
2023-08-04 20:00:00,8,11,11
2023-08-04 20:10:00,8,11,11
2023-08-04 20:20:00,8,11,11
2023-08-04 20:30:00,8,11,11
2023-08-04 20:40:00,8,11,11
2023-08-04 20:50:00,8,11,11
2023-08-04 21:00:00,8,10,10
2023-08-04 21:10:00,8,10,10
2023-08-04 21:20:00,8,10,10
2023-08-04 21:30:00,8,10,10
2023-08-04 21:40:00,8,10,10
2023-08-04 21:50:00,8,10,10
2023-08-04 22:00:00,7,10,10
2023-08-04 22:10:00,7,10,10
2023-08-04 22:20:00,7,10,10
2023-08-04 22:30:00,7,10,10
2023-08-04 22:40:00,7,10,10
2023-08-04 22:50:00,7,10,10
2023-08-04 23:00:00,8,12,12
2023-08-04 23:10:00,8,12,12
2023-08-04 23:20:00,8,12,12
2023-08-04 23:30:00,8,12,12
2023-08-04 23:40:00,8,12,12
2023-08-04 23:50:00,8,12,12
2023-08-05 00:00:00,8,12,12
2023-08-05 00:10:00,8,12,12
2023-08-05 00:20:00,8,12,12
2023-08-05 00:30:00,8,12,12
2023-08-05 00:40:00,8,12,12
2023-08-05 00:50:00,8,12,12
2023-08-05 01:00:00,8,11,12
2023-08-05 01:10:00,8,11,12
2023-08-05 01:20:00,8,11,12
2023-08-05 01:30:00,8,11,12
2023-08-05 01:40:00,8,11,12
2023-08-05 01:50:00,8,11,12
2023-08-05 02:00:00,8,12,12
2023-08-05 02:10:00,8,12,12
2023-08-05 02:20:00,8,12,12
2023-08-05 02:30:00,8,12,12
2023-08-05 02:40:00,8,12,12
2023-08-05 02:50:00,8,12,12
2023-08-05 03:00:00,8,12,12
2023-08-05 03:10:00,8,12,12
2023-08-05 03:20:00,8,12,12
2023-08-05 03:30:00,8,12,12
2023-08-05 03:40:00,8,12,12
2023-08-05 03:50:00,8,12,12
2023-08-05 04:00:00,11,12,12
2023-08-05 04:10:00,11,12,12
2023-08-05 04:20:00,11,12,12
2023-08-05 04:30:00,11,12,12
2023-08-05 04:40:00,11,12,12
2023-08-05 04:50:00,11,12,12
2023-08-05 05:00:00,8,11,12
2023-08-05 05:10:00,8,11,12
2023-08-05 05:20:00,8,11,12
2023-08-05 05:30:00,8,11,12
2023-08-05 05:40:00,8,11,12
2023-08-05 05:50:00,8,11,12
2023-08-05 06:00:00,11,16,17
2023-08-05 06:10:00,11,16,17
2023-08-05 06:20:00,11,16,17
2023-08-05 06:30:00,11,16,17
2023-08-05 06:40:00,11,16,17
2023-08-05 06:50:00,11,16,17
2023-08-05 07:00:00,11,16,17
2023-08-05 07:10:00,11,16,17
2023-08-05 07:20:00,11,16,17
2023-08-05 07:30:00,11,16,17
2023-08-05 07:40:00,11,16,17
2023-08-05 07:50:00,11,16,17
2023-08-05 08:00:00,12,17,18
2023-08-05 08:10:00,12,17,18
2023-08-05 08:20:00,12,17,18
2023-08-05 08:30:00,12,17,18
2023-08-05 08:40:00,12,17,18
2023-08-05 08:50:00,12,17,18
2023-08-05 09:00:00,9,14,14
2023-08-05 09:10:00,9,14,14
2023-08-05 09:20:00,9,14,14
2023-08-05 09:30:00,9,14,14
2023-08-05 09:40:00,9,14,14
2023-08-05 09:50:00,9,14,14
2023-08-05 10:00:00,10,15,15
2023-08-05 10:10:00,10,15,15
2023-08-05 10:20:00,10,15,15
2023-08-05 10:30:00,10,15,15
2023-08-05 10:40:00,10,15,15
2023-08-05 10:50:00,10,15,15
2023-08-05 11:00:00,10,15,15
2023-08-05 11:10:00,10,15,15
2023-08-05 11:20:00,10,15,15
2023-08-05 11:30:00,10,15,15
2023-08-05 11:40:00,10,15,15
2023-08-05 11:50:00,10,15,15
2023-08-05 12:00:00,10,13,14
2023-08-05 12:10:00,10,13,14
2023-08-05 12:20:00,10,13,14
2023-08-05 12:30:00,10,13,14
2023-08-05 12:40:00,10,13,14
2023-08-05 12:50:00,10,13,14
2023-08-05 13:00:00,14,20,21
2023-08-05 13:10:00,14,20,21
2023-08-05 13:20:00,14,20,21
2023-08-05 13:30:00,14,20,21
2023-08-05 13:40:00,14,20,21
2023-08-05 13:50:00,14,20,21
2023-08-05 14:00:00,12,17,18
2023-08-05 14:10:00,12,17,18
2023-08-05 14:20:00,12,17,18
2023-08-05 14:30:00,12,17,18
2023-08-05 14:40:00,12,17,18
2023-08-05 14:50:00,12,17,18
2023-08-05 15:00:00,10,15,17
2023-08-05 15:10:00,10,15,17
2023-08-05 15:20:00,10,15,17
2023-08-05 15:30:00,10,15,17
2023-08-05 15:40:00,10,15,17
2023-08-05 15:50:00,10,15,17
2023-08-05 16:00:00,9,13,14
2023-08-05 16:10:00,9,13,14
2023-08-05 16:20:00,9,13,14
2023-08-05 16:30:00,9,13,14
2023-08-05 16:40:00,9,13,14
2023-08-05 16:50:00,9,13,14
2023-08-05 17:00:00,9,12,12
2023-08-05 17:10:00,9,12,12
2023-08-05 17:20:00,9,12,12
2023-08-05 17:30:00,9,12,12
2023-08-05 17:40:00,9,12,12
2023-08-05 17:50:00,9,12,12
2023-08-05 18:00:00,8,12,12
2023-08-05 18:10:00,8,12,12
2023-08-05 18:20:00,8,12,12
2023-08-05 18:30:00,8,12,12
2023-08-05 18:40:00,8,12,12
2023-08-05 18:50:00,8,12,12
2023-08-05 19:00:00,13,19,20
2023-08-05 19:10:00,13,19,20
2023-08-05 19:20:00,13,19,20
2023-08-05 19:30:00,13,19,20
2023-08-05 19:40:00,13,19,20
2023-08-05 19:50:00,13,19,20
2023-08-05 20:00:00,6,7,7
